test_id,is_duplicate
0,0.33633
1,0.342609
2,0.351201
3,0.341783
4,0.335322
5,0.327124
6,0.349526
7,0.343666
8,0.335337
9,0.347062
10,0.314679
11,0.330259
12,0.314185
13,0.330259
14,0.32526
15,0.32526
16,0.325577
17,0.301917
18,0.314954
19,0.321571
20,0.328186
21,0.333141
22,0.332758
23,0.312139
24,0.333139
25,0.321066
26,0.316546
27,0.369632
28,0.333246
29,0.32486
